rho,fitness_metric,initial_fitness,terminal_fitness,initial_accuracy,terminal_accuracy,terminal_gain,total_response,erased_response,terminal_pass_at_4,terminal_distinct_fraction,terminal_effective_answers,negative_steps
-6.0,eed,0.013079406719806275,0.004117647058823526,0.0,0.0,-0.00896175966098275,0.00896175966098275,0.0,0.0,0.7,2.453333333333333,3
-2.0,eed,0.013079406719806275,0.02234419668381932,0.0,0.0,0.009264789964013045,0.01745568896512292,0.008190899001109874,0.0,0.65,2.32,1
0.0,eed,0.013079406719806275,0.051974237379342814,0.0,0.0,0.03889483065953654,0.050187333938721296,0.011292503279184754,0.0,0.65,2.2399999999999998,1
2.0,eed,0.013079406719806275,0.0021212121212121236,0.0,0.0,-0.010958194598594151,0.010958194598594151,0.0,0.0,0.6,2.2666666666666666,3
6.0,eed,0.013079406719806275,0.025151515151515154,0.0,0.0,0.012072108431708879,0.027223623583224017,0.015151515151515138,0.0,0.65,2.32,1
