rho,fitness_metric,initial_fitness,terminal_fitness,initial_accuracy,terminal_accuracy,terminal_gain,total_response,erased_response,terminal_pass_at_4,terminal_distinct_fraction,terminal_effective_answers,negative_steps
-6.0,eed,0.10378787878787879,0.04166666666666667,0.0,0.0,-0.06212121212121212,0.1968276515151515,0.1347064393939394,0.0,0.5625,2.025,4
0.0,eed,0.10378787878787879,0.15070684523809524,0.0,0.0,0.046918966450216454,0.26220914502164505,0.2152901785714286,0.0,0.625,2.1916666666666664,3
2.0,eed,0.10378787878787879,0.13998579545454545,0.0,0.0,0.03619791666666666,0.21701501623376623,0.18081709956709957,0.0,0.6875,2.4833333333333334,3
