{
  "trajectory": "runs\\arithmetic_seed_20260719\\trajectory.csv",
  "checkpoint_count": 21,
  "train_count": 15,
  "heldout_count": 6,
  "series": {
    "solver_uncertainty": {
      "persistence": {
        "last_training_value": 2.245536359027028,
        "heldout_mse": 0.004364392722247186,
        "forecast": [
          2.245536359027028,
          2.245536359027028,
          2.245536359027028,
          2.245536359027028,
          2.245536359027028,
          2.245536359027028
        ]
      },
      "rank_1": {
        "endpoint": 1.8331926357269954,
        "modes_per_epoch": [
          0.45
        ],
        "amplitudes": [
          10.10778210626694
        ],
        "train_sse": 31.079905610466085,
        "train_r_squared": 0.7985682578664809,
        "heldout_mse": 0.1160406808907704,
        "forecast": [
          1.8585293167892047,
          1.8501889980807948,
          1.8445941422049896,
          1.840840998786205,
          1.838323313642093,
          1.8366343991036398
        ]
      },
      "rank_2": {
        "endpoint": 2.027390842718021,
        "modes_per_epoch": [
          0.05,
          0.2
        ],
        "amplitudes": [
          -24.797657433467897,
          32.97699173273101
        ],
        "train_sse": 16.093169874699072,
        "train_r_squared": 0.8956986779515934,
        "heldout_mse": 0.02546590673984742,
        "forecast": [
          2.027579609701781,
          2.0274752628481987,
          2.027428596764569,
          2.0274077268893556,
          2.0273983935598205,
          2.027394219559553
        ]
      },
      "log_mse_ratio_rank1_over_rank2": 1.5166002599598305,
      "best_modal_order": 2,
      "mse_factor_best_modal_over_persistence": 5.8349255808330245
    },
    "verifier_uncertainty": {
      "persistence": {
        "last_training_value": 9.765359161421657,
        "heldout_mse": 9.296428229229091,
        "forecast": [
          9.765359161421657,
          9.765359161421657,
          9.765359161421657,
          9.765359161421657,
          9.765359161421657,
          9.765359161421657
        ]
      },
      "rank_1": {
        "endpoint": 8.654658851905133,
        "modes_per_epoch": [
          0.1
        ],
        "amplitudes": [
          1.7955654811865784
        ],
        "train_sse": 38.317436407216064,
        "train_r_squared": 0.07535156284622702,
        "heldout_mse": 7.5407765158564795,
        "forecast": [
          8.6546589086859,
          8.654658869860787,
          8.65465885758321,
          8.654658853700699,
          8.65465885247294,
          8.654658852084689
        ]
      },
      "rank_2": {
        "endpoint": 11.745453331145821,
        "modes_per_epoch": [
          0.5,
          0.7
        ],
        "amplitudes": [
          17.575166459336693,
          -18.14091464237436
        ],
        "train_sse": 20.235730567815608,
        "train_r_squared": 0.5116861043273806,
        "heldout_mse": 14.665284353690303,
        "forecast": [
          10.592588033206933,
          10.768318696414863,
          10.919029623551289,
          11.047728488037793,
          11.157247736310993,
          11.250180641572024
        ]
      },
      "log_mse_ratio_rank1_over_rank2": -0.6651579292914338,
      "best_modal_order": 1,
      "mse_factor_best_modal_over_persistence": 0.8111477150060028
    },
    "uncertainty_gap": {
      "persistence": {
        "last_training_value": -7.5198228023946285,
        "heldout_mse": 9.014403742607211,
        "forecast": [
          -7.5198228023946285,
          -7.5198228023946285,
          -7.5198228023946285,
          -7.5198228023946285,
          -7.5198228023946285,
          -7.5198228023946285
        ]
      },
      "rank_1": {
        "endpoint": -8.850372946939284,
        "modes_per_epoch": [
          0.7
        ],
        "amplitudes": [
          10.251385995728805
        ],
        "train_sse": 14.241863400442242,
        "train_r_squared": 0.8946808419644123,
        "heldout_mse": 12.40070155624936,
        "forecast": [
          -8.14402630236039,
          -8.25940094454365,
          -8.355930295734058,
          -8.436692545262341,
          -8.504263091095625,
          -8.560796665765423
        ]
      },
      "rank_2": {
        "endpoint": -7.837556837710725,
        "modes_per_epoch": [
          0.3,
          0.45
        ],
        "amplitudes": [
          -23.359950572358525,
          31.31362617484777
        ],
        "train_sse": 10.264515797049683,
        "train_r_squared": 0.9240934889633408,
        "heldout_mse": 9.877856683424293,
        "forecast": [
          -7.761862725244847,
          -7.786435229011255,
          -7.803074754609862,
          -7.814322216842405,
          -7.821913980567972,
          -7.827032289233914
        ]
      },
      "log_mse_ratio_rank1_over_rank2": 0.2274574947775313,
      "best_modal_order": 2,
      "mse_factor_best_modal_over_persistence": 1.0957859183448717
    },
    "solver_normalized_uncertainty": {
      "persistence": {
        "last_training_value": 0.3136241678148508,
        "heldout_mse": 0.00022425919878875746,
        "forecast": [
          0.3136241678148508,
          0.3136241678148508,
          0.3136241678148508,
          0.3136241678148508,
          0.3136241678148508,
          0.3136241678148508
        ]
      },
      "rank_1": {
        "endpoint": 0.3107271869744724,
        "modes_per_epoch": [
          0.5
        ],
        "amplitudes": [
          0.08468034973499403
        ],
        "train_sse": 0.0016950692948609625,
        "train_r_squared": 0.8389480617601002,
        "heldout_mse": 0.00017055143874616943,
        "forecast": [
          0.31119498423643227,
          0.3110579695906247,
          0.3109610856054523,
          0.3108925782825485,
          0.3108441362899623,
          0.31080988262851045
        ]
      },
      "rank_2": {
        "endpoint": 0.313537904780398,
        "modes_per_epoch": [
          0.1,
          0.2
        ],
        "amplitudes": [
          -0.3613392848257333,
          0.4277533402528738
        ],
        "train_sse": 0.0007952387800727045,
        "train_r_squared": 0.9244427662736067,
        "heldout_mse": 0.00022235870755441358,
        "forecast": [
          0.3135403419568453,
          0.3135389962155562,
          0.3135383933583426,
          0.3135381234287689,
          0.3135380026102524,
          0.3135379485462061
        ]
      },
      "log_mse_ratio_rank1_over_rank2": -0.26525493291640934,
      "best_modal_order": 1,
      "mse_factor_best_modal_over_persistence": 0.7605103365506137
    },
    "verifier_normalized_uncertainty": {
      "persistence": {
        "last_training_value": 0.4315119031816721,
        "heldout_mse": 0.006163005417209263,
        "forecast": [
          0.4315119031816721,
          0.4315119031816721,
          0.4315119031816721,
          0.4315119031816721,
          0.4315119031816721,
          0.4315119031816721
        ]
      },
      "rank_1": {
        "endpoint": 0.48005391930780456,
        "modes_per_epoch": [
          0.8
        ],
        "amplitudes": [
          -0.16111262917198735
        ],
        "train_sse": 0.006243292119482824,
        "train_r_squared": 0.7846049330049858,
        "heldout_mse": 0.008864888951726513,
        "forecast": [
          0.4498332215568281,
          0.4530237055083412,
          0.45587736110702337,
          0.4584297482682339,
          0.46071267274717964,
          0.46275458247614804
        ]
      },
      "rank_2": {
        "endpoint": 0.4421657199394705,
        "modes_per_epoch": [
          0.4,
          0.5
        ],
        "amplitudes": [
          0.4077588427926919,
          -0.5241774482248531
        ],
        "train_sse": 0.005734243070544043,
        "train_r_squared": 0.802167246589153,
        "heldout_mse": 0.00692321762481972,