{
  "trajectory": "runs\\arithmetic_seed_20260718\\trajectory.csv",
  "checkpoint_count": 21,
  "train_count": 15,
  "heldout_count": 6,
  "series": {
    "solver_uncertainty": {
      "persistence": {
        "last_training_value": 4.642466074321419,
        "heldout_mse": 0.03944824384833274,
        "forecast": [
          4.642466074321419,
          4.642466074321419,
          4.642466074321419,
          4.642466074321419,
          4.642466074321419,
          4.642466074321419
        ]
      },
      "rank_1": {
        "endpoint": 2.212011908242799,
        "modes_per_epoch": [
          0.45
        ],
        "amplitudes": [
          4.384077456091793
        ],
        "train_sse": 30.706008170173504,
        "heldout_mse": 6.45317757056452,
        "forecast": [
          2.2230012599214577,
          2.2193837894574386,
          2.2169571164981954,
          2.215329254789387,
          2.2142372519577274,
          2.2135047141887636
        ]
      },
      "rank_2": {
        "endpoint": 9.846100968219014,
        "modes_per_epoch": [
          0.7,
          0.85
        ],
        "amplitudes": [
          23.367572552076176,
          -25.972645756167466
        ],
        "train_sse": 22.040031213402415,
        "heldout_mse": 0.4997225355410426,
        "forecast": [
          3.779776809515568,
          4.115895145625176,
          4.448212630013465,
          4.77336191059058,
          5.088836918428964,
          5.392827893338276
        ]
      },
      "log_mse_ratio_rank1_over_rank2": 2.5582749196042327,
      "best_modal_order": 2,
      "mse_factor_best_modal_over_persistence": 12.667801828195971
    },
    "verifier_uncertainty": {
      "persistence": {
        "last_training_value": 2.0967031503096223,
        "heldout_mse": 0.0009224039429796611,
        "forecast": [
          2.0967031503096223,
          2.0967031503096223,
          2.0967031503096223,
          2.0967031503096223,
          2.0967031503096223,
          2.0967031503096223
        ]
      },
      "rank_1": {
        "endpoint": 1.7439916105303936,
        "modes_per_epoch": [
          0.2
        ],
        "amplitudes": [
          8.189613876192707
        ],
        "train_sse": 10.071269419467967,
        "heldout_mse": 0.10443020083704574,
        "forecast": [
          1.7440384906157353,
          1.7440125759419167,
          1.744000986547462,
          1.7439958036126983,
          1.7439934857338073,
          1.7439924491468546
        ]
      },
      "rank_2": {
        "endpoint": 1.5465477085459916,
        "modes_per_epoch": [
          0.05,
          0.5
        ],
        "amplitudes": [
          5.415906482370641,
          3.1811124295292323
        ],
        "train_sse": 8.300775525361132,
        "heldout_mse": 0.2619791132353175,
        "forecast": [
          1.5641210389502125,
          1.5589739291853988,
          1.555334373322348,
          1.5527608187704938,
          1.550941040912882,
          1.5496542636534827
        ]
      },
      "log_mse_ratio_rank1_over_rank2": -0.919745866443894,
      "best_modal_order": 1,
      "mse_factor_best_modal_over_persistence": 113.2152584903198
    },
    "uncertainty_gap": {
      "persistence": {
        "last_training_value": 2.5457629240117967,
        "heldout_mse": 0.04588146867807997,
        "forecast": [
          2.5457629240117967,
          2.5457629240117967,
          2.5457629240117967,
          2.5457629240117967,
          2.5457629240117967,
          2.5457629240117967
        ]
      },
      "rank_1": {
        "endpoint": 0.8034259328639997,
        "modes_per_epoch": [
          0.05
        ],
        "amplitudes": [
          -5.094181092377049
        ],
        "train_sse": 20.118977875935776,
        "heldout_mse": 3.567052107637816,
        "forecast": [
          0.8034259319740829,
          0.8034259326650082,
          0.8034259328195038,
          0.8034259328540501,
          0.8034259328617749,
          0.8034259328635022
        ]
      },
      "rank_2": {
        "endpoint": 0.49283773854242946,
        "modes_per_epoch": [
          0.05,
          0.1
        ],
        "amplitudes": [
          -33.95514936183769,
          28.60353128989364
        ],
        "train_sse": 12.383386844213135,
        "heldout_mse": 4.8323476554811124,
        "forecast": [
          0.49283863713378895,
          0.49283802325136933,
          0.4928378286981514,
          0.49283776707964205,
          0.49283774757283094,
          0.4928377413994666
        ]
      },
      "log_mse_ratio_rank1_over_rank2": -0.3035928920895737,
      "best_modal_order": 1,
      "mse_factor_best_modal_over_persistence": 77.74494170327006
    },
    "solver_normalized_uncertainty": {
      "persistence": {
        "last_training_value": 0.2051442638039589,
        "heldout_mse": 0.0012194023135670862,
        "forecast": [
          0.2051442638039589,
          0.2051442638039589,
          0.2051442638039589,
          0.2051442638039589,
          0.2051442638039589,
          0.2051442638039589
        ]
      },
      "rank_1": {
        "endpoint": 0.18680966624137052,
        "modes_per_epoch": [
          0.6
        ],
        "amplitudes": [
          0.39624937061995724
        ],
        "train_sse": 0.07017044100806835,
        "heldout_mse": 0.001978776195422296,
        "forecast": [
          0.1954018382621325,
          0.1934651340702026,
          0.1919649694538277,
          0.19080294693866978,
          0.18990284816884484,
          0.18920563465975007
        ]
      },
      "rank_2": {
        "endpoint": 0.2024714695724267,
        "modes_per_epoch": [
          0.2,
          0.3
        ],
        "amplitudes": [
          -2.188441233374646,
          2.462409963205046
        ],
        "train_sse": 0.037751030743403025,
        "heldout_mse": 0.001349938964936252,
        "forecast": [
          0.20275390671727903,
          0.20262742588055516,
          0.2025574534527432,
          0.202518816705821,
          0.20249751528389381,
          0.20248578576063614
        ]
      },
      "log_mse_ratio_rank1_over_rank2": 0.3824191902240888,
      "best_modal_order": 2,
      "mse_factor_best_modal_over_persistence": 1.1070496996075094
    },
    "verifier_normalized_uncertainty": {
      "persistence": {
        "last_training_value": 0.23424092400819063,
        "heldout_mse": 9.449466911574532e-06,
        "forecast": [
          0.23424092400819063,
          0.23424092400819063,
          0.23424092400819063,
          0.23424092400819063,
          0.23424092400819063,
          0.23424092400819063
        ]
      },
      "rank_1": {
        "endpoint": 0.19055445034174867,
        "modes_per_epoch": [
          0.05
        ],
        "amplitudes": [
          0.055964800742810385
        ],
        "train_sse": 0.008921847810948291,
        "heldout_mse": 0.0016581669190825915,
        "forecast": [
          0.19055445035152532,
          0.19055445034393478,
          0.1905544503422375,
          0.19055445034185797,
          0.19055445034177312,
          0.19055445034175414
        ]
      },
      "rank_2": {
        "endpoint": 0.32402017691010687,
        "modes_per_epoch": [
          0.05,
          0.95
        ],
        "amplitudes": [
          0.08965896664212039,
          -0.16217659717084765
        ],
        "train_sse": 0.006575561667499397,
        "heldout_mse": 0.00013862311509529467,
        "forecast": [
          0.2136338650432601,
          0.21642890887353292,
          0.21915318062250594,
          0.22180847227220954,
          0.22439653043618116,
          0.22691905750394678
        ]
      },
      "log_mse_ratio_rank1_over_rank2": 2.481709157150961,
      "best_modal_order": 2,
      "mse_factor_best_modal_over_persistence": 14.66994025989202
    },
    "normalized_uncertainty_gap": {
      "persistence": {
        "last_training_value": -0.02909666020423174,