rho,fitness_metric,initial_fitness,terminal_fitness,initial_accuracy,terminal_accuracy,terminal_gain,total_response,erased_response,terminal_pass_at_4,terminal_distinct_fraction,terminal_effective_answers,negative_steps
-6.0,eed,0.03484848484848484,0.00787878787878788,0.0,0.0,-0.026969696969696956,0.026969696969696956,0.0,0.0,0.65,2.2399999999999998,3
-2.0,eed,0.03484848484848484,0.056666666666666664,0.0,0.0,0.021818181818181827,0.021818181818181827,0.0,0.0,0.65,2.32,0
0.0,eed,0.03484848484848484,0.038181818181818185,0.0,0.0,0.003333333333333348,0.04493761140819965,0.0416042780748663,0.0,0.7,2.506666666666667,1
2.0,eed,0.03484848484848484,0.06000000000000001,0.0,0.0,0.025151515151515175,0.027647058823529413,0.0024955436720142388,0.0,0.6,2.2666666666666666,1
6.0,eed,0.03484848484848484,0.031800356506238844,0.0,0.0,-0.0030481283422459926,0.041229946524064164,0.03818181818181817,0.0,0.7,2.533333333333333,1
