rho,fitness_metric,initial_fitness,terminal_fitness,initial_accuracy,terminal_accuracy,terminal_gain,total_response,erased_response,terminal_pass_at_4,terminal_distinct_fraction,terminal_effective_answers,negative_steps
-6.0,eed,0.07487358692382515,0.02565173616499827,0.012096774193548387,0.0,-0.049221850758826874,0.04979647920424775,0.0005746284454208744,0.0,0.5,1.8290322580645162,5
-2.0,eed,0.07487358692382515,0.06591530443319178,0.012096774193548387,0.016129032258064516,-0.008958282490633365,0.03293600239239519,0.023977719901761826,0.016129032258064516,0.5201612903225806,1.8720430107526882,3
0.0,eed,0.07487358692382515,0.08920807221612642,0.012096774193548387,0.004032258064516129,0.014334485292301274,0.040344371224790565,0.02600988593248929,0.016129032258064516,0.47580645161290325,1.7365591397849462,2
2.0,eed,0.07487358692382515,0.19392321602573953,0.012096774193548387,0.08870967741935484,0.11904962910191438,0.12882831284907223,0.009778683747157846,0.0967741935483871,0.42338709677419356,1.546236559139785,1
6.0,eed,0.07487358692382515,0.19301821379151013,0.012096774193548387,0.04838709677419355,0.11814462686768498,0.13639040481289985,0.01824577794521487,0.04838709677419355,0.4798387096774194,1.7591397849462365,1
