rho,round,n,mean_accuracy_mean,mean_accuracy_se,mean_fitness_mean,mean_fitness_se,pass_at_4_mean,pass_at_4_se,distinct_fraction_mean,distinct_fraction_se,effective_answers_mean,effective_answers_se,invalid_fraction_mean,invalid_fraction_se,regressions,recoveries,fitness_regressions,fitness_improvements
-6.0,0,2,0.0,0.0,0.06902515723270439,0.06430817610062892,0.0,0.0,0.875,0.125,3.333333333333333,0.6666666666666667,0.0,0.0,0.0,0.0,0.0,0.0
-6.0,1,2,0.0,0.0,0.033333333333333326,0.033333333333333326,0.0,0.0,0.625,0.125,2.333333333333333,0.3333333333333332,0.0,0.0,0.0,0.0,0.0,0.0
6.0,0,2,0.0,0.0,0.06902515723270439,0.06430817610062892,0.0,0.0,0.875,0.125,3.333333333333333,0.6666666666666667,0.0,0.0,0.0,0.0,0.0,0.0
6.0,1,2,0.0,0.0,0.11666666666666665,0.11666666666666664,0.0,0.0,0.5,0.0,2.0,0.0,0.0,0.0,0.0,0.0,0.0,2.0
