{
  "trajectory": "runs\\arithmetic_seed_20260720\\trajectory.csv",
  "checkpoint_count": 21,
  "train_count": 15,
  "heldout_count": 6,
  "series": {
    "solver_uncertainty": {
      "persistence": {
        "last_training_value": 4.13860756077338,
        "heldout_mse": 1.028941119781244,
        "forecast": [
          4.13860756077338,
          4.13860756077338,
          4.13860756077338,
          4.13860756077338,
          4.13860756077338,
          4.13860756077338
        ]
      },
      "rank_1": {
        "endpoint": 9.687741895496451,
        "modes_per_epoch": [
          0.97
        ],
        "amplitudes": [
          -6.419565955409565
        ],
        "train_sse": 16.133242541308903,
        "train_r_squared": 0.11855364450104233,
        "heldout_mse": 2.3917470561619276,
        "forecast": [
          4.579238666718984,
          4.6564497074718965,
          4.732493763582308,
          4.807388473112633,
          4.881151207539733,
          4.953799075784148
        ]
      },
      "rank_2": {
        "endpoint": 5.481588853208155,
        "modes_per_epoch": [
          0.6,
          0.8
        ],
        "amplitudes": [
          2.673165116034868,
          -4.5811366272778375
        ],
        "train_sse": 15.905872591259197,
        "train_r_squared": 0.1309760954316681,
        "heldout_mse": 2.578785487941141,
        "forecast": [
          4.680246496853042,
          4.757900574989978,
          4.828922119670609,
          4.893658448834544,
          4.952499757306045,
          5.005856660629826
        ]
      },
      "log_mse_ratio_rank1_over_rank2": -0.07529446224685524,
      "best_modal_order": 1,
      "mse_factor_best_modal_over_persistence": 2.3244741707576213
    },
    "verifier_uncertainty": {
      "persistence": {
        "last_training_value": 3.648711979505606,
        "heldout_mse": 0.4182041634288744,
        "forecast": [
          3.648711979505606,
          3.648711979505606,
          3.648711979505606,
          3.648711979505606,
          3.648711979505606,
          3.648711979505606
        ]
      },
      "rank_1": {
        "endpoint": 4.913466234387134,
        "modes_per_epoch": [
          0.6
        ],
        "amplitudes": [
          -2.684048919876257
        ],
        "train_sse": 23.74060069806427,
        "train_r_squared": 0.27387566041753286,
        "heldout_mse": 2.8310220902878207,
        "forecast": [
          4.8552659904457105,
          4.868384519281065,
          4.87854608802228,
          4.886417205323493,
          4.892514146568222,
          4.89723681694895
        ]
      },
      "rank_2": {
        "endpoint": 4.966911128986171,
        "modes_per_epoch": [
          0.3,
          0.4
        ],
        "amplitudes": [
          13.9191130618938,
          -15.902908583432549
        ],
        "train_sse": 22.102349974191497,
        "train_r_squared": 0.3239828055598043,
        "heldout_mse": 3.085489318795563,
        "forecast": [
          4.952099622012512,
          4.957402231824924,
          4.960819793423795,
          4.963016246820873,
          4.964424574929347,
          4.965325779129811
        ]
      },
      "log_mse_ratio_rank1_over_rank2": -0.08607244793366624,
      "best_modal_order": 1,
      "mse_factor_best_modal_over_persistence": 6.769473711299617
    },
    "uncertainty_gap": {
      "persistence": {
        "last_training_value": 0.4898955812677741,
        "heldout_mse": 0.14064814562909064,
        "forecast": [
          0.4898955812677741,
          0.4898955812677741,
          0.4898955812677741,
          0.4898955812677741,
          0.4898955812677741,
          0.4898955812677741
        ]
      },
      "rank_1": {
        "endpoint": -0.6046491822245763,
        "modes_per_epoch": [
          0.5
        ],
        "amplitudes": [
          1.646300240489081
        ],
        "train_sse": 34.19753502244289,
        "train_r_squared": 0.08891470790529143,
        "heldout_mse": 0.7756339716825021,
        "forecast": [
          -0.5955545723502101,
          -0.5982183219101659,
          -0.6001018772873932,
          -0.601433752067371,
          -0.6023755297559847,
          -0.6030414671459737
        ]
      },
      "rank_2": {
        "endpoint": 5.523704727431624,
        "modes_per_epoch": [
          0.7,
          0.9
        ],
        "amplitudes": [
          8.832992955992687,
          -12.840908342200398
        ],
        "train_sse": 31.57286260535334,
        "train_r_squared": 0.15884081322860244,
        "heldout_mse": 0.6673961632715427,
        "forecast": [
          0.3057290290328083,
          0.5053192057558875,
          0.7058034496584482,
          0.9053168646720617,
          1.1023873729857954,
          1.2958670256720388
        ]
      },
      "log_mse_ratio_rank1_over_rank2": 0.15029690539652815,
      "best_modal_order": 2,
      "mse_factor_best_modal_over_persistence": 4.745147262954732
    },
    "solver_normalized_uncertainty": {
      "persistence": {
        "last_training_value": 0.26762012008111924,
        "heldout_mse": 0.0003279805045713607,
        "forecast": [
          0.26762012008111924,
          0.26762012008111924,
          0.26762012008111924,
          0.26762012008111924,
          0.26762012008111924,
          0.26762012008111924
        ]
      },
      "rank_1": {
        "endpoint": 0.4558509041237887,
        "modes_per_epoch": [
          0.92
        ],
        "amplitudes": [
          -0.3428413412798949
        ],
        "train_sse": 0.03284187910943548,
        "train_r_squared": 0.4992329080312091,
        "heldout_mse": 0.0012028520919331184,
        "forecast": [
          0.27240758883912386,
          0.2798982572871508,
          0.28708305406189705,
          0.29397446903408186,
          0.3005844820668484,
          0.30692458384125837
        ]
      },
      "rank_2": {
        "endpoint": 0.3347102815759432,
        "modes_per_epoch": [
          0.5,
          0.7
        ],
        "amplitudes": [
          0.5393492337580219,
          -0.6872826633465987
        ],
        "train_sse": 0.02163286160463429,
        "train_r_squared": 0.670145999849208,
        "heldout_mse": 0.002331923660750751,
        "forecast": [
          0.29033426465838186,
          0.2971966366708791,
          0.30305116738893456,
          0.3080293635535249,
          0.31225095047267926,
          0.31582295566581364
        ]
      },
      "log_mse_ratio_rank1_over_rank2": -0.6619980523402799,
      "best_modal_order": 1,
      "mse_factor_best_modal_over_persistence": 3.66744997084953
    },
    "verifier_normalized_uncertainty": {
      "persistence": {
        "last_training_value": 0.15992666489910334,
        "heldout_mse": 0.0024288960164325444,
        "forecast": [
          0.15992666489910334,
          0.15992666489910334,
          0.15992666489910334,
          0.15992666489910334,
          0.15992666489910334,
          0.15992666489910334
        ]
      },
      "rank_1": {
        "endpoint": 0.2302296925963273,
        "modes_per_epoch": [
          0.85
        ],
        "amplitudes": [
          -0.1337192883642821
        ],
        "train_sse": 0.009390280470745416,
        "train_r_squared": 0.5542579449702976,
        "heldout_mse": 0.0015236218776136484,
        "forecast": [
          0.19070795780452826,
          0.1937924535020943,
          0.19663621802329811,
          0.19925803936622924,
          0.2016752392092525,
          0.20390378735074394
        ]
      },
      "rank_2": {
        "endpoint": 0.18984885251600803,
        "modes_per_epoch": [
          0.45,
          0.5
        ],
        "amplitudes": [
          0.976207850035835,
          -1.048311746168407
        ],
        "train_sse": 0.008251397747952027,
        "train_r_squared": 0.6083189420701478,
        "heldout_mse": 0.0016254781501273518,