rho,fitness_metric,initial_fitness,terminal_fitness,initial_accuracy,terminal_accuracy,terminal_gain,total_response,erased_response,terminal_pass_at_4,terminal_distinct_fraction,terminal_effective_answers,negative_steps
-6.0,eed,0.10378787878787879,0.07994791666666666,0.0,0.0,-0.02383996212121213,0.29701704545454544,0.2731770833333333,0.0,0.5625,2.025,4
0.0,eed,0.10378787878787879,0.0642282196969697,0.0,0.0,-0.0395596590909091,0.23237621753246754,0.19281655844155843,0.0,0.65625,2.2666666666666666,3
2.0,eed,0.10378787878787879,0.21357717803030302,0.0,0.125,0.10978929924242423,0.35272084686147187,0.24293154761904764,0.125,0.65625,2.533333333333333,3
