{
  "input": "results\\endpoint_separation_trajectories.csv",
  "value_column": "two_mode_residual",
  "train_count": 20,
  "heldout_count": 61,
  "endpoint_bounds": [
    -0.25,
    0.25
  ],
  "models": {
    "rank_1": {
      "endpoint": 0.11002070315425264,
      "modes": [
        0.6
      ],
      "amplitudes": [
        0.8484761433910764
      ],
      "train_sse": 0.013308298531857776,
      "heldout_mse": 0.00858482603853728,
      "forecast": [
        0.11005172478638114,
        0.11003931613352974,
        0.1100318709418189,
        0.1100274038267924,
        0.1100247235577765,
        0.11002311539636694,
        0.11002215049952123,
        0.11002157156141379,
        0.11002122419854933,
        0.11002101578083065,
        0.11002089073019944,
        0.11002081569982072,
        0.1100207706815935,
        0.11002074367065715,
        0.11002072746409534,
        0.11002071774015826,
        0.11002071190579601,
        0.11002070840517866,
        0.11002070630480824,
        0.110020705044586,
        0.11002070428845266,
        0.11002070383477265,
        0.11002070356256465,
        0.11002070339923985,
        0.11002070330124496,
        0.11002070324244803,
        0.11002070320716988,
        0.11002070318600297,
        0.11002070317330284,
        0.11002070316568276,
        0.1100207031611107,
        0.11002070315836748,
        0.11002070315672154,
        0.11002070315573398,
        0.11002070315514144,
        0.11002070315478592,
        0.1100207031545726,
        0.11002070315444462,
        0.11002070315436782,
        0.11002070315432175,
        0.1100207031542941,
        0.11002070315427752,
        0.11002070315426757,
        0.11002070315426159,
        0.110020703154258,
        0.11002070315425586,
        0.11002070315425456,
        0.1100207031542538,
        0.11002070315425333,
        0.11002070315425305,
        0.11002070315425289,
        0.11002070315425279,
        0.11002070315425273,
        0.11002070315425269,
        0.11002070315425266,
        0.11002070315425265,
        0.11002070315425265,
        0.11002070315425265,
        0.11002070315425264,
        0.11002070315425264,
        0.11002070315425264
      ]
    },
    "rank_2": {
      "endpoint": -9.71445146547012e-17,
      "modes": [
        0.45,
        0.94
      ],
      "amplitudes": [
        0.7500000000000002,
        0.2500000000000002
      ],
      "train_sse": 0.0,
      "heldout_mse": 6.699541588007512e-33,
      "forecast": [
        0.07252664724126506,
        0.06817500579717327,
        0.06408448627501574,
        0.060239408470067576,
        0.056625040079062265,
        0.05322753592705796,
        0.05003388298516722,
        0.04703184965223692,
        0.04420993851388358,
        0.04155734213140195,
        0.039063901571275955,
        0.03672006746249055,
        0.034516863408212126,
        0.03244585160078135,
        0.030499100503412344,
        0.028669154472612642,
        0.026949005203988147,
        0.025332064891628373,
        0.023812140998076447,
        0.022383412538167457,
        0.02104040778586642,
        0.019777983318709492,
        0.01859130431958469,
        0.0174758260604086,
        0.01642727649678363,
        0.015441639906976402,
        0.014515141512557719,
        0.01364423302180421,
        0.012825579040495933,
        0.01205604429806616,
        0.011332681640182182,
        0.010652720741771243,
        0.01001355749726496,
        0.009412744047429056,
        0.008847979404583307,
        0.008317100640308302,
        0.007818074601889798,
        0.007348990125776404,
        0.006908050718229813,
        0.006493567675136019,
        0.006103953614627851,
        0.005737716397750173,
        0.005393453413885157,
        0.0050698462090520416,
        0.004765655436508913,
        0.004479716110318372,
        0.0042109331436992635,
        0.003958277155077301,
        0.003720780525772658,
        0.003497533694226292,
        0.0032876816725727087,
        0.00309042077221834,
        0.002904995525885234,
        0.002730695794332114,
        0.002566854046672181,
        0.002412842803871844,
        0.0022680722356395277,
        0.00213198790150115,
        0.002004068627411075,
        0.0018838245097664045,
        0.0017707950391804143
      ]
    }
  }
}
